{"XGBoost": [0.6972599145363221], "AdaBoost": [0.7014956143638953], "Bagging": [0.5597683484519079], "Random Forest": [0.7052065372216808], "Convolutional Neural Network": [0.7006303546584003]}