{"XGBoost": [0.6969600419821576], "AdaBoost": [0.7008771272209311], "Bagging": [0.5597683484519079], "Random Forest": [0.7046442761826224], "CNN": [0.7773713051331494]}
