{"XGBoost": [0.6974285928480396], "AdaBoost": [0.7022827798185771], "Bagging": [0.5597683484519079], "Random Forest": [0.7052065372216808], "Convolutional Neural Network": [0.49017854963508994]}